experiment_id,timestamp,execution_mode,run_id,seed,number_workers,simulation_duration,sampling_frequency,total_timesteps,risk_score_threshold,sensor_noise_level,packet_loss_probability_configured,gateway_processing_capacity,active_dest_count,active_dest,covered_ethical_categories,total_generated_alerts,correct_alerts,false_positives,false_negatives,true_negatives,risk_detection_accuracy,average_detection_time_ms,break_recommendations,undetected_critical_events,precision,recall,f1_score,average_communication_latency_ms,average_processing_latency_ms,average_total_latency_ms,number_transmitted_messages,packet_loss_rate,total_energy_consumption_mj,average_energy_consumption_mj,simulated_computational_load_gateway,percentage_data_processed_locally,percentage_data_transmitted_externally,privacy_exposure_score,security_risk_score,transparency_score,explainability_availability_flag,unauthorized_access_probability,observed_unauthorized_access_rate,data_tampering_probability,observed_data_tampering_rate,attack_propagation_risk,external_data_exposure_ratio,simulated_dete4cpes_overhead_ms,accuracy_delta_vs_previous_comparable,latency_delta_vs_previous_comparable_ms,privacy_delta_vs_previous_comparable,security_delta_vs_previous_comparable,transparency_delta_vs_previous_comparable
EXP_20260507_152142_228b27,2026-05-07T15:21:42,DeTe4CPES-enabled CPS,1,42,20,60,1,60,0.65,0.05,0.04,30,3,Data obfuscation; Transport Layer Security; Virtual objects,Privacy; Security; Transparency,0,0,0,52,1148,0.9566666666666667,0.0,0,52,0.0,0.0,0.0,53.6551625,15.448338333333334,69.10349333333335,1200,0.043333333333333335,251.70000000000005,0.20975000000000005,0.6666699999999999,35.0,65.00000000000001,0.64,0.45,0.33999999999999997,True,0.07499999999999998,0.08,0.01375,0.015,0.52,0.6500000000000001,7.5,-1.1102230246251565e-16,0.0,0.0,0.0,5.551115123125783e-17
EXP_20260507_152142_228b27,2026-05-07T15:21:42,DeTe4CPES-enabled CPS,2,43,20,60,1,60,0.65,0.05,0.04,30,3,Data obfuscation; Transport Layer Security; Virtual objects,Privacy; Security; Transparency,0,0,0,62,1138,0.9483333333333334,0.0,0,62,0.0,0.0,0.0,53.4988475,15.576622500000001,69.07545,1200,0.04,251.70000000000005,0.20975000000000005,0.6666699999999999,35.0,65.00000000000001,0.64,0.45,0.33999999999999997,True,0.07499999999999998,0.0875,0.01375,0.0125,0.52,0.6500000000000001,7.5,-0.008333333333333415,-0.028043333333343412,0.0,0.0,5.551115123125783e-17
EXP_20260507_152142_228b27,2026-05-07T15:21:42,DeTe4CPES-enabled CPS,3,44,20,60,1,60,0.65,0.05,0.04,30,3,Data obfuscation; Transport Layer Security; Virtual objects,Privacy; Security; Transparency,0,0,0,60,1140,0.95,0.0,0,60,0.0,0.0,0.0,53.737659166666674,15.815878333333334,69.55353666666667,1200,0.035,251.70000000000005,0.20975000000000005,0.6666699999999999,35.0,65.00000000000001,0.64,0.45,0.33999999999999997,True,0.07499999999999998,0.075,0.01375,0.014166666666666666,0.52,0.6500000000000001,7.5,-0.006666666666666821,0.45004333333332625,0.0,0.0,5.551115123125783e-17
EXP_20260507_152142_228b27,2026-05-07T15:21:42,DeTe4CPES-enabled CPS,4,45,20,60,1,60,0.65,0.05,0.04,30,3,Data obfuscation; Transport Layer Security; Virtual objects,Privacy; Security; Transparency,0,0,0,46,1154,0.9616666666666667,0.0,0,46,0.0,0.0,0.0,53.770035,15.740356666666667,69.51040666666668,1200,0.03833333333333333,251.70000000000005,0.20975000000000005,0.6666699999999999,35.0,65.00000000000001,0.64,0.45,0.33999999999999997,True,0.07499999999999998,0.07333333333333333,0.01375,0.010833333333333334,0.52,0.6500000000000001,7.5,0.004999999999999893,0.40691333333333546,0.0,0.0,5.551115123125783e-17
EXP_20260507_152142_228b27,2026-05-07T15:21:42,DeTe4CPES-enabled CPS,5,46,20,60,1,60,0.65,0.05,0.04,30,3,Data obfuscation; Transport Layer Security; Virtual objects,Privacy; Security; Transparency,0,0,0,81,1119,0.9325,0.0,0,81,0.0,0.0,0.0,53.55562666666667,15.781969166666665,69.33761083333333,1200,0.0375,251.70000000000005,0.20975000000000005,0.6666699999999999,35.0,65.00000000000001,0.64,0.45,0.33999999999999997,True,0.07499999999999998,0.07166666666666667,0.01375,0.011666666666666667,0.52,0.6500000000000001,7.5,-0.02416666666666678,0.23411749999998221,0.0,0.0,5.551115123125783e-17
EXP_20260507_152142_228b27,2026-05-07T15:21:42,DeTe4CPES-enabled CPS,6,47,20,60,1,60,0.65,0.05,0.04,30,3,Data obfuscation; Transport Layer Security; Virtual objects,Privacy; Security; Transparency,0,0,0,60,1140,0.95,0.0,0,60,0.0,0.0,0.0,53.545831666666665,15.721099166666667,69.26693833333333,1200,0.030833333333333334,251.70000000000005,0.20975000000000005,0.6666699999999999,35.0,65.00000000000001,0.64,0.45,0.33999999999999997,True,0.07499999999999998,0.06,0.01375,0.013333333333333334,0.52,0.6500000000000001,7.5,-0.006666666666666821,0.16344499999998163,0.0,0.0,5.551115123125783e-17
EXP_20260507_152142_228b27,2026-05-07T15:21:42,DeTe4CPES-enabled CPS,7,48,20,60,1,60,0.65,0.05,0.04,30,3,Data obfuscation; Transport Layer Security; Virtual objects,Privacy; Security; Transparency,0,0,0,62,1138,0.9483333333333334,0.0,0,62,0.0,0.0,0.0,53.9150725,15.795886666666666,69.71096,1200,0.035,251.70000000000005,0.20975000000000005,0.6666699999999999,35.0,65.00000000000001,0.64,0.45,0.33999999999999997,True,0.07499999999999998,0.08166666666666667,0.01375,0.015,0.52,0.6500000000000001,7.5,-0.008333333333333415,0.607466666666653,0.0,0.0,5.551115123125783e-17
EXP_20260507_152142_228b27,2026-05-07T15:21:42,DeTe4CPES-enabled CPS,8,49,20,60,1,60,0.65,0.05,0.04,30,3,Data obfuscation; Transport Layer Security; Virtual objects,Privacy; Security; Transparency,1,1,0,56,1143,0.9533333333333334,77.443,0,56,1.0,0.017543859649122806,0.034482758620689655,53.757057499999995,15.5643325,69.32139416666666,1200,0.04083333333333333,251.70000000000005,0.20975000000000005,0.6666699999999999,35.0,65.00000000000001,0.64,0.45,0.33999999999999997,True,0.07499999999999998,0.07583333333333334,0.01375,0.014166666666666666,0.52,0.6500000000000001,7.5,-0.0033333333333334103,0.21790083333331722,0.0,0.0,5.551115123125783e-17
EXP_20260507_152142_228b27,2026-05-07T15:21:42,DeTe4CPES-enabled CPS,9,50,20,60,1,60,0.65,0.05,0.04,30,3,Data obfuscation; Transport Layer Security; Virtual objects,Privacy; Security; Transparency,0,0,0,53,1147,0.9558333333333333,0.0,0,53,0.0,0.0,0.0,53.52946583333334,15.715105833333334,69.24454,1200,0.0375,251.70000000000005,0.20975000000000005,0.6666699999999999,35.0,65.00000000000001,0.64,0.45,0.33999999999999997,True,0.07499999999999998,0.07583333333333334,0.01375,0.015833333333333335,0.52,0.6500000000000001,7.5,-0.0008333333333334636,0.14104666666665366,0.0,0.0,5.551115123125783e-17
EXP_20260507_152142_228b27,2026-05-07T15:21:42,DeTe4CPES-enabled CPS,10,51,20,60,1,60,0.65,0.05,0.04,30,3,Data obfuscation; Transport Layer Security; Virtual objects,Privacy; Security; Transparency,0,0,0,64,1136,0.9466666666666667,0.0,0,64,0.0,0.0,0.0,53.762727500000004,15.668474999999999,69.43123,1200,0.045,251.70000000000005,0.20975000000000005,0.6666699999999999,35.0,65.00000000000001,0.64,0.45,0.33999999999999997,True,0.07499999999999998,0.07,0.01375,0.0125,0.52,0.6500000000000001,7.5,-0.01000000000000012,0.32773666666665235,0.0,0.0,5.551115123125783e-17
