experiment_id,run_id,timestep,time_minutes,worker_id,worker_role,heart_rate,skin_temperature,spo2,accelerometer_magnitude,approximate_location,activity_level,simulated_event_type,is_critical_event,risk_score,generated_alert,recommendation,effective_threshold,communication_latency_ms,processing_latency_ms,total_latency_ms,packet_loss,energy_consumption_mj,computational_load,local_processing_ratio,external_transmission_ratio,privacy_exposure_score,security_risk_score,transparency_score,explainability_available,unauthorized_access_probability,unauthorized_access,data_tampering_probability,data_tampered,attack_propagation_risk,dete4cpes_overhead_ms,applied_dest_effects
EXP_20260507_150938_4800d9,1,0,0.0,1,nurse,91.008,37.252,96.357,1.42,Ward-B-R08,0.537,none,False,0.1143,False,none,0.5,58.621,15.151,73.772,False,0.17975,0.66667,0.35,0.65,0.78,0.58,0.18,False,0.075,False,0.055,False,0.52,0.0,
EXP_20260507_150938_4800d9,1,0,0.0,2,technician,87.598,36.905,96.332,1.071,Surgery-R08,0.25,none,False,0.1271,False,none,0.5,48.727,18.084,66.81,False,0.17975,0.66667,0.35,0.65,0.78,0.58,0.18,False,0.075,False,0.055,False,0.52,0.0,
EXP_20260507_150938_4800d9,1,0,0.0,3,technician,93.113,37.351,95.446,1.081,Radiology-R01,0.416,none,False,0.135,False,none,0.5,48.907,12.355,61.262,False,0.17975,0.66667,0.35,0.65,0.78,0.58,0.18,False,0.075,False,0.055,False,0.52,0.0,
EXP_20260507_150938_4800d9,1,0,0.0,4,physician,119.599,38.253,96.589,1.434,Emergency-R13,0.383,heat_stress,True,0.3724,False,none,0.5,54.543,14.044,68.588,False,0.17975,0.66667,0.35,0.65,0.78,0.58,0.18,False,0.075,False,0.055,False,0.52,0.0,
EXP_20260507_150938_4800d9,1,0,0.0,5,physician,94.16,36.81,95.231,1.98,Laboratory-R12,0.693,none,False,0.1684,False,none,0.5,45.654,15.429,61.083,False,0.17975,0.66667,0.35,0.65,0.78,0.58,0.18,False,0.075,False,0.055,False,0.52,0.0,
EXP_20260507_150938_4800d9,1,0,0.0,6,technician,98.921,37.37,97.401,2.022,Surgery-R06,0.528,none,False,0.2625,False,none,0.5,48.291,14.393,62.683,False,0.17975,0.66667,0.35,0.65,0.78,0.58,0.18,False,0.075,False,0.055,False,0.52,0.0,
EXP_20260507_150938_4800d9,1,0,0.0,7,cleaning_staff,92.846,36.795,95.708,1.464,Emergency-R01,0.581,none,False,0.1809,False,none,0.5,50.982,12.737,63.72,False,0.17975,0.66667,0.35,0.65,0.78,0.58,0.18,False,0.075,False,0.055,False,0.52,0.0,
EXP_20260507_150938_4800d9,1,0,0.0,8,porter,91.761,36.943,96.316,1.117,ICU-R12,0.458,none,False,0.157,False,none,0.5,41.496,15.241,56.736,False,0.17975,0.66667,0.35,0.65,0.78,0.58,0.18,False,0.075,False,0.055,False,0.52,0.0,
EXP_20260507_150938_4800d9,1,1,1.0,1,nurse,92.446,37.295,96.326,1.411,Radiology-R11,0.537,none,False,0.123,False,none,0.5,43.422,13.817,57.239,False,0.17975,0.66667,0.35,0.65,0.78,0.58,0.18,False,0.075,False,0.055,False,0.52,0.0,
EXP_20260507_150938_4800d9,1,1,1.0,2,technician,88.972,36.904,96.122,0.75,Surgery-R15,0.301,none,False,0.1357,False,none,0.5,59.834,12.985,72.82,False,0.17975,0.66667,0.35,0.65,0.78,0.58,0.18,False,0.075,False,0.055,False,0.52,0.0,
EXP_20260507_150938_4800d9,1,1,1.0,3,technician,96.461,37.428,95.053,1.238,Radiology-R02,0.512,none,False,0.1708,False,none,0.5,54.429,15.679,70.108,False,0.17975,0.66667,0.35,0.65,0.78,0.58,0.18,False,0.075,False,0.055,False,0.52,0.0,
EXP_20260507_150938_4800d9,1,1,1.0,4,physician,107.947,37.29,96.956,2.461,Emergency-R05,0.659,none,False,0.0,False,no_assessment_packet_loss,0.5,44.709,0.0,44.709,True,0.17975,0.66667,0.35,0.65,0.78,0.58,0.18,False,0.075,False,0.055,False,0.52,0.0,
EXP_20260507_150938_4800d9,1,1,1.0,5,physician,96.288,36.877,95.054,1.861,Laboratory-R01,0.716,none,False,0.1745,False,none,0.5,56.068,13.197,69.265,False,0.17975,0.66667,0.35,0.65,0.78,0.58,0.18,False,0.075,False,0.055,False,0.52,0.0,
EXP_20260507_150938_4800d9,1,1,1.0,6,technician,98.826,37.397,96.897,1.388,Surgery-R08,0.521,none,False,0.2242,False,none,0.5,41.159,14.528,55.687,False,0.17975,0.66667,0.35,0.65,0.78,0.58,0.18,False,0.075,False,0.055,False,0.52,0.0,
EXP_20260507_150938_4800d9,1,1,1.0,7,cleaning_staff,96.784,36.781,95.599,1.939,Emergency-R06,0.722,none,False,0.2385,False,none,0.5,60.487,15.543,76.03,False,0.17975,0.66667,0.35,0.65,0.78,0.58,0.18,False,0.075,False,0.055,False,0.52,0.0,
EXP_20260507_150938_4800d9,1,1,1.0,8,porter,115.702,38.266,95.037,1.769,Ward-A-R11,0.813,heat_stress,True,0.3645,False,none,0.5,48.631,14.006,62.637,False,0.17975,0.66667,0.35,0.65,0.78,0.58,0.18,False,0.075,False,0.055,False,0.52,0.0,
EXP_20260507_150938_4800d9,1,2,2.0,1,nurse,98.147,37.442,95.98,1.41,Radiology-R11,0.725,none,False,0.1712,False,none,0.5,34.088,13.005,47.093,False,0.17975,0.66667,0.35,0.65,0.78,0.58,0.18,False,0.075,False,0.055,False,0.52,0.0,
EXP_20260507_150938_4800d9,1,2,2.0,2,technician,90.908,36.977,95.953,1.086,Surgery-R11,0.326,none,False,0.1458,False,none,0.5,39.495,15.656,55.151,False,0.17975,0.66667,0.35,0.65,0.78,0.58,0.18,False,0.075,False,0.055,False,0.52,0.0,
EXP_20260507_150938_4800d9,1,2,2.0,3,technician,101.225,37.489,95.297,1.051,Ward-B-R15,0.643,none,False,0.1972,False,none,0.5,54.07,11.495,65.566,False,0.17975,0.66667,0.35,0.65,0.78,0.58,0.18,False,0.075,False,0.055,False,0.52,0.0,
EXP_20260507_150938_4800d9,1,2,2.0,4,physician,116.057,37.933,94.303,1.441,Emergency-R01,0.57,high_fatigue,True,0.3848,False,none,0.5,31.987,14.194,46.181,False,0.17975,0.66667,0.35,0.65,0.78,0.58,0.18,False,0.075,False,0.055,False,0.52,0.0,
EXP_20260507_150938_4800d9,1,2,2.0,5,physician,101.653,36.994,94.844,2.411,Laboratory-R08,0.947,none,False,0.251,False,none,0.5,56.513,13.321,69.834,False,0.17975,0.66667,0.35,0.65,0.78,0.58,0.18,False,0.075,False,0.055,False,0.52,0.0,
EXP_20260507_150938_4800d9,1,2,2.0,6,technician,100.884,37.46,97.151,1.775,Surgery-R01,0.534,none,False,0.2626,False,none,0.5,37.131,14.84,51.971,False,0.17975,0.66667,0.35,0.65,0.78,0.58,0.18,False,0.075,False,0.055,False,0.52,0.0,
EXP_20260507_150938_4800d9,1,2,2.0,7,cleaning_staff,88.508,36.756,95.672,1.711,Emergency-R06,0.376,none,False,0.1673,False,none,0.5,21.314,11.288,32.602,False,0.17975,0.66667,0.35,0.65,0.78,0.58,0.18,False,0.075,True,0.055,False,0.52,0.0,
EXP_20260507_150938_4800d9,1,2,2.0,8,porter,93.464,36.947,96.296,0.915,Ward-B-R14,0.523,none,False,0.0979,False,none,0.5,51.487,11.929,63.416,False,0.17975,0.66667,0.35,0.65,0.78,0.58,0.18,False,0.075,False,0.055,False,0.52,0.0,
EXP_20260507_150938_4800d9,1,3,3.0,1,nurse,106.567,37.586,95.934,2.02,Radiology-R15,1.0,none,False,0.2751,False,none,0.5,48.459,13.627,62.086,False,0.17975,0.66667,0.35,0.65,0.78,0.58,0.18,False,0.075,False,0.055,False,0.52,0.0,
EXP_20260507_150938_4800d9,1,3,3.0,2,technician,90.282,36.92,95.98,1.009,Surgery-R09,0.248,none,False,0.1373,False,none,0.5,44.51,14.787,59.298,False,0.17975,0.66667,0.35,0.65,0.78,0.58,0.18,False,0.075,False,0.055,False,0.52,0.0,
EXP_20260507_150938_4800d9,1,3,3.0,3,technician,100.148,37.473,95.028,1.212,Radiology-R06,0.608,none,False,0.1959,False,none,0.5,53.633,13.465,67.098,False,0.17975,0.66667,0.35,0.65,0.78,0.58,0.18,False,0.075,False,0.055,False,0.52,0.0,
EXP_20260507_150938_4800d9,1,3,3.0,4,physician,130.35,36.506,98.202,5.686,Emergency-R05,0.79,fall,True,0.5028,True,fall_detection_alert,0.5,50.041,13.885,63.926,False,0.17975,0.66667,0.35,0.65,0.78,0.58,0.18,False,0.075,False,0.055,True,0.52,0.0,
EXP_20260507_150938_4800d9,1,3,3.0,5,physician,99.948,36.929,95.056,1.621,Laboratory-R10,0.8,none,False,0.1785,False,none,0.5,64.311,12.652,76.963,False,0.17975,0.66667,0.35,0.65,0.78,0.58,0.18,False,0.075,False,0.055,False,0.52,0.0,
EXP_20260507_150938_4800d9,1,3,3.0,6,technician,105.383,37.737,94.681,1.284,Surgery-R06,0.352,high_fatigue,True,0.3002,False,none,0.5,47.567,14.515,62.082,False,0.17975,0.66667,0.35,0.65,0.78,0.58,0.18,False,0.075,False,0.055,False,0.52,0.0,
EXP_20260507_150938_4800d9,1,3,3.0,7,cleaning_staff,89.232,36.774,95.745,0.817,Emergency-R15,0.408,none,False,0.1505,False,none,0.5,37.482,13.848,51.33,False,0.17975,0.66667,0.35,0.65,0.78,0.58,0.18,False,0.075,False,0.055,False,0.52,0.0,
EXP_20260507_150938_4800d9,1,3,3.0,8,porter,91.664,36.898,96.221,1.009,Ward-A-R06,0.434,none,False,0.085,False,none,0.5,60.172,13.738,73.91,False,0.17975,0.66667,0.35,0.65,0.78,0.58,0.18,False,0.075,False,0.055,False,0.52,0.0,
EXP_20260507_150938_4800d9,1,4,4.0,1,nurse,100.596,37.501,95.611,0.752,Radiology-R13,0.681,none,False,0.191,False,none,0.5,53.748,12.614,66.361,False,0.17975,0.66667,0.35,0.65,0.78,0.58,0.18,False,0.075,False,0.055,False,0.52,0.0,
EXP_20260507_150938_4800d9,1,4,4.0,2,technician,90.642,36.937,95.413,1.369,Surgery-R04,0.269,none,False,0.154,False,none,0.5,49.185,14.377,63.561,False,0.17975,0.66667,0.35,0.65,0.78,0.58,0.18,False,0.075,False,0.055,False,0.52,0.0,
EXP_20260507_150938_4800d9,1,4,4.0,3,technician,96.657,37.441,95.29,1.541,Radiology-R12,0.431,none,False,0.1704,False,none,0.5,45.537,12.201,57.738,False,0.17975,0.66667,0.35,0.65,0.78,0.58,0.18,False,0.075,False,0.055,False,0.52,0.0,
EXP_20260507_150938_4800d9,1,4,4.0,4,physician,105.673,37.363,96.608,0.66,Emergency-R09,0.396,none,False,0.2375,False,none,0.5,49.804,16.227,66.031,False,0.17975,0.66667,0.35,0.65,0.78,0.58,0.18,False,0.075,False,0.055,False,0.52,0.0,
EXP_20260507_150938_4800d9,1,4,4.0,5,physician,98.803,36.935,94.718,1.937,Radiology-R01,0.722,none,False,0.1974,False,none,0.5,39.454,18.142,57.596,False,0.17975,0.66667,0.35,0.65,0.78,0.58,0.18,False,0.075,False,0.055,False,0.52,0.0,
EXP_20260507_150938_4800d9,1,4,4.0,6,technician,103.346,37.467,97.122,1.955,Pharmacy-R12,0.548,none,False,0.2149,False,none,0.5,55.781,17.084,72.865,False,0.17975,0.66667,0.35,0.65,0.78,0.58,0.18,False,0.075,False,0.055,False,0.52,0.0,
EXP_20260507_150938_4800d9,1,4,4.0,7,cleaning_staff,95.812,36.815,95.61,1.341,Emergency-R01,0.629,none,False,0.1935,False,none,0.5,29.001,14.612,43.613,False,0.17975,0.66667,0.35,0.65,0.78,0.58,0.18,False,0.075,False,0.055,False,0.52,0.0,
EXP_20260507_150938_4800d9,1,4,4.0,8,porter,95.877,37.028,96.052,1.042,ICU-R03,0.581,none,False,0.1834,False,none,0.5,67.068,16.767,83.836,False,0.17975,0.66667,0.35,0.65,0.78,0.58,0.18,False,0.075,False,0.055,False,0.52,0.0,
EXP_20260507_150938_4800d9,1,5,5.0,1,nurse,102.152,37.553,95.746,1.522,Ward-A-R15,0.699,none,False,0.2074,False,none,0.5,52.928,14.039,66.967,False,0.17975,0.66667,0.35,0.65,0.78,0.58,0.18,False,0.075,False,0.055,False,0.52,0.0,
EXP_20260507_150938_4800d9,1,5,5.0,2,technician,94.346,37.01,95.715,1.064,Surgery-R07,0.371,none,False,0.1684,False,none,0.5,59.164,10.596,69.76,False,0.17975,0.66667,0.35,0.65,0.78,0.58,0.18,False,0.075,False,0.055,False,0.52,0.0,
EXP_20260507_150938_4800d9,1,5,5.0,3,technician,99.819,37.485,95.035,0.772,Radiology-R15,0.563,none,False,0.1925,False,none,0.5,35.019,17.017,52.037,False,0.17975,0.66667,0.35,0.65,0.78,0.58,0.18,False,0.075,True,0.055,False,0.52,0.0,
EXP_20260507_150938_4800d9,1,5,5.0,4,physician,108.414,37.35,96.212,0.471,Emergency-R01,0.418,none,False,0.248,False,none,0.5,32.745,15.553,48.299,False,0.17975,0.66667,0.35,0.65,0.78,0.58,0.18,False,0.075,False,0.055,False,0.52,0.0,
EXP_20260507_150938_4800d9,1,5,5.0,5,physician,99.712,36.953,94.693,1.968,Laboratory-R15,0.756,none,False,0.2057,False,none,0.5,55.006,17.302,72.308,False,0.17975,0.66667,0.35,0.65,0.78,0.58,0.18,False,0.075,False,0.055,False,0.52,0.0,
EXP_20260507_150938_4800d9,1,5,5.0,6,technician,102.481,37.499,96.83,1.079,Surgery-R12,0.487,none,False,0.2447,False,none,0.5,59.603,13.529,73.132,False,0.17975,0.66667,0.35,0.65,0.78,0.58,0.18,False,0.075,False,0.055,False,0.52,0.0,
EXP_20260507_150938_4800d9,1,5,5.0,7,cleaning_staff,91.252,36.809,95.403,1.478,Emergency-R08,0.422,none,False,0.1722,False,none,0.5,51.533,13.368,64.901,False,0.17975,0.66667,0.35,0.65,0.78,0.58,0.18,False,0.075,False,0.055,False,0.52,0.0,
EXP_20260507_150938_4800d9,1,5,5.0,8,porter,103.389,37.103,95.936,1.265,Ward-A-R12,0.834,none,False,0.1673,False,none,0.5,41.33,16.155,57.485,False,0.17975,0.66667,0.35,0.65,0.78,0.58,0.18,False,0.075,False,0.055,False,0.52,0.0,
EXP_20260507_150938_4800d9,1,6,6.0,1,nurse,109.11,37.637,95.586,2.181,Emergency-R01,0.896,none,False,0.3709,False,none,0.5,59.46,17.265,76.725,False,0.17975,0.66667,0.35,0.65,0.78,0.58,0.18,False,0.075,False,0.055,False,0.52,0.0,
EXP_20260507_150938_4800d9,1,6,6.0,2,technician,93.702,36.999,95.873,1.1,Surgery-R07,0.331,none,False,0.1584,False,none,0.5,38.365,18.674,57.039,False,0.17975,0.66667,0.35,0.65,0.78,0.58,0.18,False,0.075,False,0.055,False,0.52,0.0,
EXP_20260507_150938_4800d9,1,6,6.0,3,technician,99.649,37.461,95.11,1.417,Pharmacy-R08,0.534,none,False,0.1868,False,none,0.5,45.552,16.245,61.796,False,0.17975,0.66667,0.35,0.65,0.78,0.58,0.18,False,0.075,False,0.055,False,0.52,0.0,
EXP_20260507_150938_4800d9,1,6,6.0,4,physician,113.194,37.49,96.05,1.373,Emergency-R02,0.545,none,False,0.2875,False,none,0.5,48.845,15.713,64.557,False,0.17975,0.66667,0.35,0.65,0.78,0.58,0.18,False,0.075,False,0.055,False,0.52,0.0,
EXP_20260507_150938_4800d9,1,6,6.0,5,physician,100.212,36.982,94.594,0.831,Radiology-R04,0.736,none,False,0.172,False,none,0.5,53.841,11.258,65.098,False,0.17975,0.66667,0.35,0.65,0.78,0.58,0.18,False,0.075,False,0.055,False,0.52,0.0,
EXP_20260507_150938_4800d9,1,6,6.0,6,technician,103.993,37.522,96.668,1.348,Surgery-R09,0.482,none,False,0.2521,False,none,0.5,33.741,17.895,51.637,False,0.17975,0.66667,0.35,0.65,0.78,0.58,0.18,False,0.075,False,0.055,False,0.52,0.0,
EXP_20260507_150938_4800d9,1,6,6.0,7,cleaning_staff,95.207,36.886,95.206,0.577,Emergency-R08,0.557,none,False,0.1961,False,none,0.5,52.192,15.967,68.159,False,0.17975,0.66667,0.35,0.65,0.78,0.58,0.18,False,0.075,False,0.055,False,0.52,0.0,
EXP_20260507_150938_4800d9,1,6,6.0,8,porter,102.445,37.138,95.836,1.946,Ward-A-R10,0.76,none,False,0.1995,False,none,0.5,37.146,15.075,52.221,False,0.17975,0.66667,0.35,0.65,0.78,0.58,0.18,False,0.075,False,0.055,False,0.52,0.0,
EXP_20260507_150938_4800d9,1,7,7.0,1,nurse,105.051,37.625,95.561,1.723,ICU-R11,0.739,none,False,0.315,False,none,0.5,52.685,15.516,68.202,False,0.17975,0.66667,0.35,0.65,0.78,0.58,0.18,False,0.075,False,0.055,False,0.52,0.0,
EXP_20260507_150938_4800d9,1,7,7.0,2,technician,93.227,37.019,95.822,0.76,Surgery-R09,0.304,none,False,0.1578,False,none,0.5,40.801,12.297,53.098,False,0.17975,0.66667,0.35,0.65,0.78,0.58,0.18,False,0.075,False,0.055,False,0.52,0.0,
EXP_20260507_150938_4800d9,1,7,7.0,3,technician,99.216,37.52,94.977,1.068,Radiology-R06,0.507,none,False,0.191,False,none,0.5,57.773,14.055,71.828,False,0.17975,0.66667,0.35,0.65,0.78,0.58,0.18,False,0.075,False,0.055,False,0.52,0.0,
EXP_20260507_150938_4800d9,1,7,7.0,4,physician,117.023,38.061,94.817,0.896,Emergency-R04,0.359,high_fatigue,True,0.3703,False,none,0.5,50.947,13.578,64.525,False,0.17975,0.66667,0.35,0.65,0.78,0.58,0.18,False,0.075,False,0.055,False,0.52,0.0,
EXP_20260507_150938_4800d9,1,7,7.0,5,physician,103.557,37.033,94.606,2.566,Laboratory-R15,0.809,none,False,0.2671,False,none,0.5,56.518,13.572,70.09,False,0.17975,0.66667,0.35,0.65,0.78,0.58,0.18,False,0.075,False,0.055,False,0.52,0.0,
EXP_20260507_150938_4800d9,1,7,7.0,6,technician,109.339,37.638,96.48,1.895,Surgery-R07,0.618,none,False,0.3238,False,none,0.5,31.324,14.567,45.891,False,0.17975,0.66667,0.35,0.65,0.78,0.58,0.18,False,0.075,False,0.055,False,0.52,0.0,
EXP_20260507_150938_4800d9,1,7,7.0,7,cleaning_staff,96.481,36.891,95.05,1.557,Emergency-R11,0.545,none,False,0.2139,False,none,0.5,43.245,15.554,58.798,False,0.17975,0.66667,0.35,0.65,0.78,0.58,0.18,False,0.075,False,0.055,False,0.52,0.0,
EXP_20260507_150938_4800d9,1,7,7.0,8,porter,92.67,36.828,98.552,2.615,Ward-A-R01,0.446,none,False,0.1677,False,none,0.5,57.586,15.828,73.413,False,0.17975,0.66667,0.35,0.65,0.78,0.58,0.18,False,0.075,False,0.055,True,0.52,0.0,
EXP_20260507_150938_4800d9,1,8,8.0,1,nurse,105.708,37.626,95.608,1.071,Radiology-R13,0.721,none,False,0.2243,False,none,0.5,35.373,16.263,51.636,False,0.17975,0.66667,0.35,0.65,0.78,0.58,0.18,False,0.075,False,0.055,False,0.52,0.0,
EXP_20260507_150938_4800d9,1,8,8.0,2,technician,91.786,37.032,95.568,1.098,Surgery-R11,0.262,none,False,0.1569,False,none,0.5,47.132,14.349,61.481,False,0.17975,0.66667,0.35,0.65,0.78,0.58,0.18,False,0.075,False,0.055,False,0.52,0.0,
EXP_20260507_150938_4800d9,1,8,8.0,3,technician,116.465,38.964,94.336,1.096,Radiology-R12,0.442,heat_stress,True,0.3991,False,none,0.5,57.258,14.602,71.859,False,0.17975,0.66667,0.35,0.65,0.78,0.58,0.18,False,0.075,False,0.055,False,0.52,0.0,
EXP_20260507_150938_4800d9,1,8,8.0,4,physician,115.687,37.589,95.966,1.435,Emergency-R03,0.535,none,False,0.3082,False,none,0.5,54.018,14.882,68.9,False,0.17975,0.66667,0.35,0.65,0.78,0.58,0.18,False,0.075,False,0.055,False,0.52,0.0,
EXP_20260507_150938_4800d9,1,8,8.0,5,physician,109.574,37.122,94.365,2.108,Laboratory-R15,1.0,none,False,0.2875,False,none,0.5,41.98,14.382,56.362,False,0.17975,0.66667,0.35,0.65,0.78,0.58,0.18,False,0.075,False,0.055,False,0.52,0.0,
EXP_20260507_150938_4800d9,1,8,8.0,6,technician,111.886,37.701,96.262,1.597,Surgery-R04,0.667,none,False,0.3233,False,none,0.5,39.371,15.024,54.394,False,0.17975,0.66667,0.35,0.65,0.78,0.58,0.18,False,0.075,False,0.055,False,0.52,0.0,
EXP_20260507_150938_4800d9,1,8,8.0,7,cleaning_staff,96.623,36.95,94.946,1.648,Emergency-R13,0.507,none,False,0.2201,False,none,0.5,37.594,13.985,51.579,False,0.17975,0.66667,0.35,0.65,0.78,0.58,0.18,False,0.075,False,0.055,False,0.52,0.0,
EXP_20260507_150938_4800d9,1,8,8.0,8,porter,105.425,37.169,95.704,2.119,Ward-A-R05,0.796,none,False,0.2302,False,none,0.5,48.578,14.062,62.64,False,0.17975,0.66667,0.35,0.65,0.78,0.58,0.18,False,0.075,False,0.055,False,0.52,0.0,
EXP_20260507_150938_4800d9,1,9,9.0,1,nurse,109.857,37.672,95.328,2.035,Radiology-R01,0.866,none,False,0.3016,False,none,0.5,58.942,12.089,71.031,False,0.17975,0.66667,0.35,0.65,0.78,0.58,0.18,False,0.075,False,0.055,False,0.52,0.0,
EXP_20260507_150938_4800d9,1,9,9.0,2,technician,98.031,37.11,95.628,1.349,Surgery-R04,0.461,none,False,0.1997,False,none,0.5,34.138,11.696,45.834,False,0.17975,0.66667,0.35,0.65,0.78,0.58,0.18,False,0.075,False,0.055,False,0.52,0.0,
EXP_20260507_150938_4800d9,1,9,9.0,3,technician,97.261,37.499,95.178,1.447,Radiology-R09,0.39,none,False,0.1717,False,none,0.5,39.634,12.678,52.312,False,0.17975,0.66667,0.35,0.65,0.78,0.58,0.18,False,0.075,False,0.055,False,0.52,0.0,
EXP_20260507_150938_4800d9,1,9,9.0,4,physician,115.742,37.586,95.669,1.178,Emergency-R13,0.481,none,False,0.3094,False,none,0.5,43.707,14.863,58.57,False,0.17975,0.66667,0.35,0.65,0.78,0.58,0.18,False,0.075,False,0.055,False,0.52,0.0,
EXP_20260507_150938_4800d9,1,9,9.0,5,physician,109.221,37.134,94.349,1.952,Emergency-R15,0.989,none,False,0.3468,False,none,0.5,45.411,12.037,57.448,False,0.17975,0.66667,0.35,0.65,0.78,0.58,0.18,False,0.075,False,0.055,False,0.52,0.0,
EXP_20260507_150938_4800d9,1,9,9.0,6,technician,110.252,37.686,96.225,1.616,Surgery-R11,0.542,none,False,0.3083,False,none,0.5,68.374,12.473,80.847,False,0.17975,0.66667,0.35,0.65,0.78,0.58,0.18,False,0.075,False,0.055,False,0.52,0.0,
EXP_20260507_150938_4800d9,1,9,9.0,7,cleaning_staff,103.317,37.028,94.911,1.345,Emergency-R10,0.703,none,False,0.246,False,none,0.5,51.548,13.798,65.346,False,0.17975,0.66667,0.35,0.65,0.78,0.58,0.18,False,0.075,False,0.055,False,0.52,0.0,
EXP_20260507_150938_4800d9,1,9,9.0,8,porter,97.645,37.068,95.916,1.55,Ward-A-R10,0.469,none,False,0.1275,False,none,0.5,41.35,15.247,56.597,False,0.17975,0.66667,0.35,0.65,0.78,0.58,0.18,False,0.075,False,0.055,False,0.52,0.0,
EXP_20260507_150938_4800d9,1,10,10.0,1,nurse,106.597,37.668,95.275,1.314,Radiology-R09,0.725,none,False,0.2399,False,none,0.5,45.997,15.35,61.347,False,0.17975,0.66667,0.35,0.65,0.78,0.58,0.18,False,0.075,False,0.055,False,0.52,0.0,
EXP_20260507_150938_4800d9,1,10,10.0,2,technician,84.253,36.444,97.131,0.459,Surgery-R14,0.062,none,False,0.1043,False,none,0.5,46.367,11.255,57.622,False,0.17975,0.66667,0.35,0.65,0.78,0.58,0.18,False,0.075,False,0.055,True,0.52,0.0,
EXP_20260507_150938_4800d9,1,10,10.0,3,technician,99.0,37.531,94.809,0.873,Radiology-R15,0.447,none,False,0.1911,False,none,0.5,53.854,12.98,66.835,False,0.17975,0.66667,0.35,0.65,0.78,0.58,0.18,False,0.075,False,0.055,False,0.52,0.0,
EXP_20260507_150938_4800d9,1,10,10.0,4,physician,117.293,37.603,95.684,1.597,Emergency-R05,0.488,none,False,0.3294,False,none,0.5,35.796,13.65,49.446,False,0.17975,0.66667,0.35,0.65,0.78,0.58,0.18,False,0.075,False,0.055,False,0.52,0.0,
EXP_20260507_150938_4800d9,1,10,10.0,5,physician,104.892,37.088,94.323,1.311,Laboratory-R08,0.796,none,False,0.2083,False,none,0.5,44.26,18.602,62.862,False,0.17975,0.66667,0.35,0.65,0.78,0.58,0.18,False,0.075,False,0.055,False,0.52,0.0,
EXP_20260507_150938_4800d9,1,10,10.0,6,technician,112.825,37.734,96.083,1.176,Surgery-R12,0.598,none,False,0.3124,False,none,0.5,44.676,17.266,61.942,False,0.17975,0.66667,0.35,0.65,0.78,0.58,0.18,False,0.075,False,0.055,False,0.52,0.0,
EXP_20260507_150938_4800d9,1,10,10.0,7,cleaning_staff,101.699,37.028,94.588,1.558,Emergency-R10,0.588,none,False,0.2501,False,none,0.5,45.846,13.148,58.994,False,0.17975,0.66667,0.35,0.65,0.78,0.58,0.18,False,0.075,False,0.055,False,0.52,0.0,
EXP_20260507_150938_4800d9,1,10,10.0,8,porter,102.428,37.173,95.474,1.99,Ward-A-R14,0.622,none,False,0.2047,False,none,0.5,39.214,13.372,52.586,False,0.17975,0.66667,0.35,0.65,0.78,0.58,0.18,False,0.075,False,0.055,False,0.52,0.0,
EXP_20260507_150938_4800d9,1,11,11.0,1,nurse,108.85,37.666,95.37,1.672,Radiology-R04,0.785,none,False,0.2673,False,none,0.5,39.527,12.303,51.83,False,0.17975,0.66667,0.35,0.65,0.78,0.58,0.18,False,0.075,False,0.055,False,0.52,0.0,
EXP_20260507_150938_4800d9,1,11,11.0,2,technician,97.359,37.128,95.27,0.753,Surgery-R03,0.377,none,False,0.2017,False,none,0.5,48.095,12.881,60.976,False,0.17975,0.66667,0.35,0.65,0.78,0.58,0.18,False,0.075,False,0.055,False,0.52,0.0,
EXP_20260507_150938_4800d9,1,11,11.0,3,technician,102.762,37.522,94.67,2.052,Radiology-R01,0.485,none,False,0.2522,False,none,0.5,47.016,11.499,58.514,False,0.17975,0.66667,0.35,0.65,0.78,0.58,0.18,False,0.075,True,0.055,False,0.52,0.0,
EXP_20260507_150938_4800d9,1,11,11.0,4,physician,120.194,37.667,95.612,1.538,Emergency-R14,0.519,none,False,0.3462,False,none,0.5,46.386,12.604,58.991,False,0.17975,0.66667,0.35,0.65,0.78,0.58,0.18,False,0.075,False,0.055,False,0.52,0.0,
EXP_20260507_150938_4800d9,1,11,11.0,5,physician,104.902,37.129,94.311,1.31,Laboratory-R03,0.793,none,False,0.2122,False,none,0.5,46.465,15.043,61.508,False,0.17975,0.66667,0.35,0.65,0.78,0.58,0.18,False,0.075,False,0.055,False,0.52,0.0,
EXP_20260507_150938_4800d9,1,11,11.0,6,technician,112.23,37.786,96.083,1.304,Surgery-R11,0.5,none,False,0.0,False,no_assessment_packet_loss,0.5,63.29,0.0,63.29,True,0.17975,0.66667,0.35,0.65,0.78,0.58,0.18,False,0.075,False,0.055,False,0.52,0.0,
EXP_20260507_150938_4800d9,1,11,11.0,7,cleaning_staff,98.762,37.004,94.768,1.373,Emergency-R02,0.392,none,False,0.0,False,no_assessment_packet_loss,0.5,62.639,0.0,62.639,True,0.17975,0.66667,0.35,0.65,0.78,0.58,0.18,False,0.075,False,0.055,False,0.52,0.0,
EXP_20260507_150938_4800d9,1,11,11.0,8,porter,98.724,37.176,95.724,1.352,Ward-A-R02,0.429,none,False,0.1337,False,none,0.5,53.262,14.509,67.771,False,0.17975,0.66667,0.35,0.65,0.78,0.58,0.18,False,0.075,False,0.055,False,0.52,0.0,
EXP_20260507_150938_4800d9,1,12,12.0,1,nurse,108.508,37.682,95.258,2.213,Radiology-R12,0.765,none,False,0.3037,False,none,0.5,46.585,12.518,59.103,False,0.17975,0.66667,0.35,0.65,0.78,0.58,0.18,False,0.075,False,0.055,False,0.52,0.0,
EXP_20260507_150938_4800d9,1,12,12.0,2,technician,91.098,37.05,95.255,0.711,Surgery-R04,0.05,none,False,0.1488,False,none,0.5,51.491,15.075,66.566,False,0.17975,0.66667,0.35,0.65,0.78,0.58,0.18,False,0.075,False,0.055,False,0.52,0.0,
EXP_20260507_150938_4800d9,1,12,12.0,3,technician,107.073,37.924,93.17,1.666,Emergency-R09,0.392,high_fatigue,True,0.3806,False,none,0.5,66.562,17.34,83.902,False,0.17975,0.66667,0.35,0.65,0.78,0.58,0.18,False,0.075,True,0.055,False,0.52,0.0,
EXP_20260507_150938_4800d9,1,12,12.0,4,physician,122.445,37.751,95.418,2.066,Emergency-R04,0.587,none,False,0.4057,False,none,0.5,44.314,14.293,58.607,False,0.17975,0.66667,0.35,0.65,0.78,0.58,0.18,False,0.075,False,0.055,False,0.52,0.0,
EXP_20260507_150938_4800d9,1,12,12.0,5,physician,105.031,37.105,94.437,1.912,Laboratory-R01,0.738,none,False,0.2364,False,none,0.5,42.266,10.055,52.32,False,0.17975,0.66667,0.35,0.65,0.78,0.58,0.18,False,0.075,False,0.055,False,0.52,0.0,
EXP_20260507_150938_4800d9,1,12,12.0,6,technician,106.529,37.734,96.039,1.563,Surgery-R04,0.266,none,False,0.2763,False,none,0.5,46.674,15.595,62.269,False,0.17975,0.66667,0.35,0.65,0.78,0.58,0.18,False,0.075,False,0.055,False,0.52,0.0,
EXP_20260507_150938_4800d9,1,12,12.0,7,cleaning_staff,104.443,37.124,94.534,1.851,Emergency-R11,0.617,none,False,0.2913,False,none,0.5,33.971,13.477,47.448,False,0.17975,0.66667,0.35,0.65,0.78,0.58,0.18,False,0.075,False,0.055,False,0.52,0.0,
EXP_20260507_150938_4800d9,1,12,12.0,8,porter,104.354,37.25,95.223,1.744,Ward-A-R08,0.583,none,False,0.2064,False,none,0.5,58.986,14.152,73.138,False,0.17975,0.66667,0.35,0.65,0.78,0.58,0.18,False,0.075,False,0.055,False,0.52,0.0,
EXP_20260507_150938_4800d9,1,13,13.0,1,nurse,108.24,37.694,95.215,1.637,Radiology-R06,0.743,none,False,0.2663,False,none,0.5,41.608,16.449,58.057,False,0.17975,0.66667,0.35,0.65,0.78,0.58,0.18,False,0.075,False,0.055,False,0.52,0.0,
EXP_20260507_150938_4800d9,1,13,13.0,2,technician,98.906,37.216,94.994,1.171,ICU-R05,0.317,none,False,0.218,False,none,0.5,34.2,14.514,48.714,False,0.17975,0.66667,0.35,0.65,0.78,0.58,0.18,False,0.075,False,0.055,False,0.52,0.0,
EXP_20260507_150938_4800d9,1,13,13.0,3,technician,117.521,38.047,92.326,0.938,Radiology-R02,0.431,high_fatigue,True,0.3667,False,none,0.5,49.167,15.107,64.274,False,0.17975,0.66667,0.35,0.65,0.78,0.58,0.18,False,0.075,False,0.055,False,0.52,0.0,
EXP_20260507_150938_4800d9,1,13,13.0,4,physician,118.735,37.744,95.374,1.344,Emergency-R04,0.471,none,False,0.3414,False,none,0.5,64.887,12.302,77.188,False,0.17975,0.66667,0.35,0.65,0.78,0.58,0.18,False,0.075,False,0.055,False,0.52,0.0,
EXP_20260507_150938_4800d9,1,13,13.0,5,physician,107.958,37.143,94.287,2.13,Laboratory-R11,0.883,none,False,0.2786,False,none,0.5,49.445,14.131,63.576,False,0.17975,0.66667,0.35,0.65,0.78,0.58,0.18,False,0.075,False,0.055,False,0.52,0.0,
EXP_20260507_150938_4800d9,1,13,13.0,6,technician,115.403,37.823,95.922,1.221,Surgery-R03,0.532,none,False,0.3274,False,none,0.5,52.784,14.422,67.206,False,0.17975,0.66667,0.35,0.65,0.78,0.58,0.18,False,0.075,False,0.055,False,0.52,0.0,
EXP_20260507_150938_4800d9,1,13,13.0,7,cleaning_staff,105.037,37.121,94.297,1.769,Emergency-R05,0.59,none,False,0.2918,False,none,0.5,47.202,16.114,63.315,False,0.17975,0.66667,0.35,0.65,0.78,0.58,0.18,False,0.075,False,0.055,False,0.52,0.0,
EXP_20260507_150938_4800d9,1,13,13.0,8,porter,134.688,38.72,94.655,2.18,ICU-R02,0.742,heat_stress,True,0.5771,True,heat_stress_warning,0.5,53.612,19.059,72.67,False,0.17975,0.66667,0.35,0.65,0.78,0.58,0.18,False,0.075,False,0.055,False,0.52,0.0,
EXP_20260507_150938_4800d9,1,14,14.0,1,nurse,108.761,37.748,95.021,1.761,Radiology-R04,0.732,none,False,0.2852,False,none,0.5,64.46,11.14,75.6,False,0.17975,0.66667,0.35,0.65,0.78,0.58,0.18,False,0.075,False,0.055,False,0.52,0.0,
EXP_20260507_150938_4800d9,1,14,14.0,2,technician,100.125,37.274,94.995,1.443,Surgery-R10,0.254,none,False,0.2262,False,none,0.5,53.295,11.603,64.899,False,0.17975,0.66667,0.35,0.65,0.78,0.58,0.18,False,0.075,False,0.055,False,0.52,0.0,
EXP_20260507_150938_4800d9,1,14,14.0,3,technician,103.443,37.631,94.418,1.575,Radiology-R13,0.388,none,False,0.2334,False,none,0.5,48.75,17.93,66.68,False,0.17975,0.66667,0.35,0.65,0.78,0.58,0.18,False,0.075,False,0.055,False,0.52,0.0,
EXP_20260507_150938_4800d9,1,14,14.0,4,physician,121.925,37.725,95.572,0.514,Emergency-R15,0.574,none,False,0.3539,False,none,0.5,43.312,17.068,60.38,False,0.17975,0.66667,0.35,0.65,0.78,0.58,0.18,False,0.075,False,0.055,False,0.52,0.0,
EXP_20260507_150938_4800d9,1,14,14.0,5,physician,104.133,37.079,94.228,2.295,Radiology-R01,0.703,none,False,0.258,False,none,0.5,40.115,14.799,54.914,False,0.17975,0.66667,0.35,0.65,0.78,0.58,0.18,False,0.075,False,0.055,False,0.52,0.0,
EXP_20260507_150938_4800d9,1,14,14.0,6,technician,110.13,37.812,95.757,0.231,Surgery-R07,0.313,none,False,0.2956,False,none,0.5,51.266,17.375,68.641,False,0.17975,0.66667,0.35,0.65,0.78,0.58,0.18,False,0.075,False,0.055,False,0.52,0.0,
EXP_20260507_150938_4800d9,1,14,14.0,7,cleaning_staff,102.221,37.157,94.4,1.254,Emergency-R07,0.462,none,False,0.2496,False,none,0.5,42.814,12.953,55.768,False,0.17975,0.66667,0.35,0.65,0.78,0.58,0.18,False,0.075,False,0.055,False,0.52,0.0,
EXP_20260507_150938_4800d9,1,14,14.0,8,porter,101.622,37.247,95.258,1.509,Ward-A-R02,0.382,none,False,0.1661,False,none,0.5,47.1,15.367,62.467,False,0.17975,0.66667,0.35,0.65,0.78,0.58,0.18,False,0.075,False,0.055,False,0.52,0.0,
EXP_20260507_150938_4800d9,1,15,15.0,1,nurse,105.028,37.67,94.954,1.451,Radiology-R08,0.566,none,False,0.2342,False,none,0.5,58.839,14.015,72.854,False,0.17975,0.66667,0.35,0.65,0.78,0.58,0.18,False,0.075,False,0.055,False,0.52,0.0,
EXP_20260507_150938_4800d9,1,15,15.0,2,technician,85.639,36.12,94.1,1.088,Surgery-R02,0.484,none,False,0.1827,False,none,0.5,53.457,16.663,70.12,False,0.17975,0.66667,0.35,0.65,0.78,0.58,0.18,False,0.075,True,0.055,True,0.52,0.0,
EXP_20260507_150938_4800d9,1,15,15.0,3,technician,110.923,37.784,94.338,2.061,Radiology-R11,0.623,none,False,0.3249,False,none,0.5,49.019,12.456,61.476,False,0.17975,0.66667,0.35,0.65,0.78,0.58,0.18,False,0.075,False,0.055,False,0.52,0.0,
EXP_20260507_150938_4800d9,1,15,15.0,4,physician,122.627,37.752,95.594,1.124,Emergency-R01,0.598,none,False,0.3601,False,none,0.5,63.105,15.659,78.764,False,0.17975,0.66667,0.35,0.65,0.78,0.58,0.18,False,0.075,False,0.055,False,0.52,0.0,
EXP_20260507_150938_4800d9,1,15,15.0,5,physician,106.184,37.15,94.559,2.217,Laboratory-R04,0.761,none,False,0.2631,False,none,0.5,49.172,15.009,64.181,False,0.17975,0.66667,0.35,0.65,0.78,0.58,0.18,False,0.075,False,0.055,False,0.52,0.0,
EXP_20260507_150938_4800d9,1,15,15.0,6,technician,115.03,37.838,95.649,0.939,Surgery-R14,0.496,none,False,0.3315,False,none,0.5,45.345,11.901,57.246,False,0.17975,0.66667,0.35,0.65,0.78,0.58,0.18,False,0.075,False,0.055,False,0.52,0.0,
EXP_20260507_150938_4800d9,1,15,15.0,7,cleaning_staff,105.454,37.134,94.368,0.52,Emergency-R11,0.53,none,False,0.2649,False,none,0.5,31.529,15.975,47.504,False,0.17975,0.66667,0.35,0.65,0.78,0.58,0.18,False,0.075,False,0.055,False,0.52,0.0,
EXP_20260507_150938_4800d9,1,15,15.0,8,porter,112.096,37.376,94.858,2.115,Ward-A-R11,0.73,none,False,0.2898,False,none,0.5,36.82,17.4,54.22,False,0.17975,0.66667,0.35,0.65,0.78,0.58,0.18,False,0.075,False,0.055,False,0.52,0.0,
EXP_20260507_150938_4800d9,1,16,16.0,1,nurse,111.481,37.776,95.054,2.13,Radiology-R04,0.784,none,False,0.3244,False,none,0.5,42.421,11.135,53.556,False,0.17975,0.66667,0.35,0.65,0.78,0.58,0.18,False,0.075,False,0.055,False,0.52,0.0,
EXP_20260507_150938_4800d9,1,16,16.0,2,technician,96.477,37.203,94.889,0.395,Surgery-R02,0.102,none,False,0.1954,False,none,0.5,48.514,12.156,60.67,False,0.17975,0.66667,0.35,0.65,0.78,0.58,0.18,False,0.075,False,0.055,False,0.52,0.0,
EXP_20260507_150938_4800d9,1,16,16.0,3,technician,108.59,37.753,94.086,1.44,Radiology-R11,0.473,none,False,0.2691,False,none,0.5,61.409,16.33,77.739,False,0.17975,0.66667,0.35,0.65,0.78,0.58,0.18,False,0.075,False,0.055,False,0.52,0.0,
EXP_20260507_150938_4800d9,1,16,16.0,4,physician,123.594,37.774,95.312,1.525,Emergency-R08,0.632,none,False,0.383,False,none,0.5,49.879,15.977,65.856,False,0.17975,0.66667,0.35,0.65,0.78,0.58,0.18,False,0.075,False,0.055,False,0.52,0.0,
EXP_20260507_150938_4800d9,1,16,16.0,5,physician,110.041,37.17,94.141,1.982,Laboratory-R04,0.902,none,False,0.2842,False,none,0.5,46.21,14.677,60.887,False,0.17975,0.66667,0.35,0.65,0.78,0.58,0.18,False,0.075,False,0.055,False,0.52,0.0,
EXP_20260507_150938_4800d9,1,16,16.0,6,technician,118.047,37.897,95.667,1.426,Surgery-R07,0.605,none,False,0.357,False,none,0.5,30.437,18.79,49.227,False,0.17975,0.66667,0.35,0.65,0.78,0.58,0.18,False,0.075,False,0.055,False,0.52,0.0,
EXP_20260507_150938_4800d9,1,16,16.0,7,cleaning_staff,131.239,37.26,92.775,4.35,Emergency-R06,0.81,fall,True,0.6103,True,fall_detection_alert,0.5,42.228,15.365,57.593,False,0.17975,0.66667,0.35,0.65,0.78,0.58,0.18,False,0.075,False,0.055,False,0.52,0.0,
EXP_20260507_150938_4800d9,1,16,16.0,8,porter,105.835,37.373,94.832,1.628,Ward-A-R02,0.485,none,False,0.2186,False,none,0.5,59.797,15.565,75.362,False,0.17975,0.66667,0.35,0.65,0.78,0.58,0.18,False,0.075,False,0.055,False,0.52,0.0,
EXP_20260507_150938_4800d9,1,17,17.0,1,nurse,124.766,38.027,92.545,1.639,Radiology-R01,0.663,high_fatigue,True,0.4178,False,none,0.5,40.822,13.233,54.055,False,0.17975,0.66667,0.35,0.65,0.78,0.58,0.18,False,0.075,False,0.055,False,0.52,0.0,
EXP_20260507_150938_4800d9,1,17,17.0,2,technician,121.017,38.595,93.791,0.931,Surgery-R14,0.324,heat_stress,True,0.4569,False,none,0.5,36.603,11.112,47.715,False,0.17975,0.66667,0.35,0.65,0.78,0.58,0.18,False,0.075,False,0.055,False,0.52,0.0,
EXP_20260507_150938_4800d9,1,17,17.0,3,technician,105.695,37.726,94.147,1.545,Radiology-R15,0.334,none,False,0.2515,False,none,0.5,46.501,15.793,62.293,False,0.17975,0.66667,0.35,0.65,0.78,0.58,0.18,False,0.075,False,0.055,False,0.52,0.0,
EXP_20260507_150938_4800d9,1,17,17.0,4,physician,117.039,37.705,95.6,1.073,Emergency-R15,0.415,none,False,0.3221,False,none,0.5,42.168,14.097,56.265,False,0.17975,0.66667,0.35,0.65,0.78,0.58,0.18,False,0.075,False,0.055,False,0.52,0.0,
EXP_20260507_150938_4800d9,1,17,17.0,5,physician,120.809,38.351,93.423,2.321,Laboratory-R09,0.828,heat_stress,True,0.4671,False,none,0.5,53.364,15.98,69.344,False,0.17975,0.66667,0.35,0.65,0.78,0.58,0.18,False,0.075,False,0.055,False,0.52,0.0,
EXP_20260507_150938_4800d9,1,17,17.0,6,technician,111.023,37.817,95.691,1.406,Surgery-R07,0.355,none,False,0.3042,False,none,0.5,37.416,16.962,54.378,False,0.17975,0.66667,0.35,0.65,0.78,0.58,0.18,False,0.075,False,0.055,False,0.52,0.0,
EXP_20260507_150938_4800d9,1,17,17.0,7,cleaning_staff,105.06,37.222,94.53,1.893,Emergency-R08,0.483,none,False,0.2959,False,none,0.5,47.808,12.104,59.912,False,0.17975,0.66667,0.35,0.65,0.78,0.58,0.18,False,0.075,False,0.055,False,0.52,0.0,
EXP_20260507_150938_4800d9,1,17,17.0,8,porter,106.574,37.372,94.932,0.921,Ward-A-R01,0.47,none,False,0.203,False,none,0.5,45.972,11.97,57.942,False,0.17975,0.66667,0.35,0.65,0.78,0.58,0.18,False,0.075,False,0.055,False,0.52,0.0,
EXP_20260507_150938_4800d9,1,18,18.0,1,nurse,113.49,37.811,94.801,1.489,Radiology-R09,0.787,none,False,0.3001,False,none,0.5,52.578,13.873,66.451,False,0.17975,0.66667,0.35,0.65,0.78,0.58,0.18,False,0.075,False,0.055,False,0.52,0.0,
EXP_20260507_150938_4800d9,1,18,18.0,2,technician,101.016,37.239,95.068,1.178,Surgery-R02,0.266,none,False,0.2226,False,none,0.5,54.012,14.358,68.37,False,0.17975,0.66667,0.35,0.65,0.78,0.58,0.18,False,0.075,True,0.055,False,0.52,0.0,
EXP_20260507_150938_4800d9,1,18,18.0,3,technician,108.852,37.82,93.987,1.17,Radiology-R11,0.442,none,False,0.274,False,none,0.5,52.988,16.662,69.65,False,0.17975,0.66667,0.35,0.65,0.78,0.58,0.18,False,0.075,False,0.055,False,0.52,0.0,
EXP_20260507_150938_4800d9,1,18,18.0,4,physician,123.149,37.716,95.411,2.192,Emergency-R10,0.635,none,False,0.4167,False,none,0.5,44.183,15.865,60.048,False,0.17975,0.66667,0.35,0.65,0.78,0.58,0.18,False,0.075,False,0.055,False,0.52,0.0,
EXP_20260507_150938_4800d9,1,18,18.0,5,physician,112.309,37.175,93.992,2.111,Laboratory-R06,1.0,none,False,0.3118,False,none,0.5,43.002,15.509,58.512,False,0.17975,0.66667,0.35,0.65,0.78,0.58,0.18,False,0.075,False,0.055,False,0.52,0.0,
EXP_20260507_150938_4800d9,1,18,18.0,6,technician,116.624,37.859,95.717,1.432,Surgery-R13,0.557,none,False,0.3441,False,none,0.5,47.567,8.88,56.447,False,0.17975,0.66667,0.35,0.65,0.78,0.58,0.18,False,0.075,False,0.055,False,0.52,0.0,
EXP_20260507_150938_4800d9,1,18,18.0,7,cleaning_staff,109.136,37.262,94.307,1.71,Emergency-R11,0.626,none,False,0.0,False,no_assessment_packet_loss,0.5,57.948,0.0,57.948,True,0.17975,0.66667,0.35,0.65,0.78,0.58,0.18,False,0.075,False,0.055,False,0.52,0.0,
EXP_20260507_150938_4800d9,1,18,18.0,8,porter,106.136,37.328,94.63,1.353,Ward-A-R05,0.457,none,False,0.2038,False,none,0.5,47.146,13.63,60.776,False,0.17975,0.66667,0.35,0.65,0.78,0.58,0.18,False,0.075,False,0.055,False,0.52,0.0,
EXP_20260507_150938_4800d9,1,19,19.0,1,nurse,136.981,39.203,93.637,1.603,Pharmacy-R06,0.816,heat_stress,True,0.5532,True,heat_stress_warning,0.5,52.671,14.019,66.69,False,0.17975,0.66667,0.35,0.65,0.78,0.58,0.18,False,0.075,False,0.055,False,0.52,0.0,
EXP_20260507_150938_4800d9,1,19,19.0,2,technician,102.258,37.255,94.885,1.24,Surgery-R10,0.323,none,False,0.2371,False,none,0.5,62.569,11.949,74.517,False,0.17975,0.66667,0.35,0.65,0.78,0.58,0.18,False,0.075,False,0.055,False,0.52,0.0,
EXP_20260507_150938_4800d9,1,19,19.0,3,technician,112.334,37.851,94.209,1.38,Radiology-R03,0.55,none,False,0.2918,False,none,0.5,62.569,16.311,78.88,False,0.17975,0.66667,0.35,0.65,0.78,0.58,0.18,False,0.075,True,0.055,False,0.52,0.0,
EXP_20260507_150938_4800d9,1,19,19.0,4,physician,120.346,37.674,95.452,0.947,Emergency-R09,0.504,none,False,0.3414,False,none,0.5,51.655,13.103,64.758,False,0.17975,0.66667,0.35,0.65,0.78,0.58,0.18,False,0.075,False,0.055,False,0.52,0.0,
EXP_20260507_150938_4800d9,1,19,19.0,5,physician,105.728,37.178,94.159,1.198,Laboratory-R12,0.728,none,False,0.219,False,none,0.5,43.751,11.179,54.93,False,0.17975,0.66667,0.35,0.65,0.78,0.58,0.18,False,0.075,False,0.055,False,0.52,0.0,
EXP_20260507_150938_4800d9,1,19,19.0,6,technician,109.916,37.817,95.837,0.697,Surgery-R08,0.327,none,False,0.2943,False,none,0.5,48.921,14.613,63.533,False,0.17975,0.66667,0.35,0.65,0.78,0.58,0.18,False,0.075,False,0.055,False,0.52,0.0,
EXP_20260507_150938_4800d9,1,19,19.0,7,cleaning_staff,102.5,37.844,97.869,1.718,Ward-B-R11,0.469,none,False,0.2258,False,none,0.5,34.126,18.845,52.971,False,0.17975,0.66667,0.35,0.65,0.78,0.58,0.18,False,0.075,False,0.055,True,0.52,0.0,
EXP_20260507_150938_4800d9,1,19,19.0,8,porter,105.923,37.361,94.765,1.178,Ward-A-R15,0.427,none,False,0.2007,False,none,0.5,42.959,15.749,58.707,False,0.17975,0.66667,0.35,0.65,0.78,0.58,0.18,False,0.075,False,0.055,False,0.52,0.0,
